{
  "project_info": {
    "project_number": "969334777467",
    "project_id": "bookexchange-f69e8",
    "storage_bucket": "bookexchange-f69e8.appspot.com"
  },
  "client": [
    {
      "client_info": {
        "mobilesdk_app_id": "1:969334777467:android:82802df95602d3d1c7e4de",
        "android_client_info": {
          "package_name": "com.example.bookex"
        }
      },
      "oauth_client": [],
      "api_key": [
        {
          "current_key": "AIzaSyAoZ8iXoXstRmIUasvTovU3IwfJav85iBI"
        }
      ],
      "services": {
        "appinvite_service": {
          "other_platform_oauth_client": []
        }
      }
    }
  ],
  "configuration_version": "1"
}